{
    "mse": 0.7752909204362055,
    "r2": 0.23752024302531238
}