{
    "mse": 0.7458617835243836,
    "r2": 0.203649127599711
}