{
    "mse": 0.7472287459646519,
    "r2": 0.21231601955380586
}