{
    "mse": 0.7098568339598331,
    "r2": 0.2340005400872497
}