{
    "mse": 0.7604540338865449,
    "r2": 0.21357573376847017
}