{
    "mse": 0.7659479270667543,
    "r2": 0.23926764660737265
}