{
    "mse": 0.7483186904674459,
    "r2": 0.20665688924306436
}