{
    "mse": 0.765920807361807,
    "r2": 0.2392945816459553
}