{
    "mse": 0.8600006922398575,
    "r2": 0.21533007492067047
}