{
    "mse": 0.7247335273126059,
    "r2": 0.21794724803124
}