{
    "mse": 0.7412519687096518,
    "r2": 0.20899005144607574
}