{
    "mse": 0.9356697946400294,
    "r2": 0.1837886055306337
}