{
    "mse": 0.7058761739692654,
    "r2": 0.23829603075099626
}