{
    "mse": 0.7536319204118187,
    "r2": 0.2102965337183439
}