{
    "mse": 0.7314261698571309,
    "r2": 0.2194754261539008
}