{
    "mse": 0.9015623108781521,
    "r2": 0.20229755982570086
}