{
    "mse": 0.7871657662396836,
    "r2": 0.22584162109942463
}