{
    "mse": 0.8673202010991182,
    "r2": 0.17260577875906868
}