{
    "mse": 0.7072541298834623,
    "r2": 0.23680909220851531
}