{
    "mse": 0.7247335273126061,
    "r2": 0.21794724803123988
}